ID,ALPHA,G_AREA,LAI_MIN,NL0,R_GROW,TLOW,TUPP,V_CRIT
xqaQh,0.07816,0.00794,2.76307,0.04026,0.16965,-2.65055,33.34945,0.36105
XqArn,0.04091,0.00679,2.10559,0.04026,0.21848,4.5364,40.5364,0.32614
xqAuj,0.06309,0.00728,3.18833,0.04017,0.27638,3.38494,39.38494,0.31406
xqarY,0.08995,0.00768,3.59538,0.04306,0.29369,-4.95789,31.04211,0.34374
xpznj,,,4.0,0.035,0.25,0.0,36.0,0.343
